CREATE TABLE TIPOS_MUSICA
( ID_TIPO INT,
NOMBRE_TIPO VARCHAR(20) NOT NULL,
CONSTRAINT UN_NOMBRE_TIPO UNIQUE (NOMBRE_TIPO),
CONSTRAINT PK_TIPOS_MUSICA PRIMARY KEY (ID_TIPO) );

CREATE TABLE DISQUERAS_CD
( ID_DISQUERA INT,
NOMBRE_COMPAÑIA VARCHAR(60) DEFAULT 'Independiente' NOT NULL,
CONSTRAINT PK_DISQUERAS_CD PRIMARY KEY (ID_DISQUERA) );

CREATE TABLE DISCOS_COMPACTOS
( ID_DISCO_COMPACTO INT,
TITULO_CD VARCHAR(60) NOT NULL,
ID_DISQUERA INT NOT NULL,
EN_EXISTENCIA INT NOT NULL
CONSTRAINT PK_DISCOS_COMPACTOS PRIMARY KEY (ID_DISCO_COMPACTO),
CONSTRAINT FK_ID_DISQUERA FOREIGN KEY (ID_DISQUERA) REFERENCES
DISQUERAS_CD,
CONSTRAINT CK_EN_EXISTENCIA CHECK ( EN_EXISTENCIA > 0 AND EN_EXISTENCIA
< 50 ) );

CREATE TABLE TIPOS_DISCO_COMPACTO
( ID_DISCO_COMPACTO INT,ID_TIPO_MUSICA INT,
CONSTRAINT PK_TIPOS_DISCO_COMPACTO
PRIMARY KEY ( ID_DISCO_COMPACTO, ID_TIPO_MUSICA),
CONSTRAINT FK_ID_DISCO_COMPACTO_01
FOREIGN KEY (ID_DISCO_COMPACTO) REFERENCES DISCOS_COMPACTOS,
CONSTRAINT FK_ID_TIPO_MUSICA
FOREIGN KEY (ID_TIPO_MUSICA) REFERENCES TIPOS_MUSICA );

CREATE TABLE ARTISTAS
( ID_ARTISTA INT,
NOMBRE_ARTISTA VARCHAR(60) NOT NULL,
LUGAR_DE_NACIMIENTO VARCHAR(60) DEFAULT 'Desconocido' NOT NULL,
CONSTRAINT PK_ARTISTAS PRIMARY KEY (ID_ARTISTA) );

CREATE TABLE CDS_ARTISTA
( ID_ARTISTA INT,
ID_DISCO_COMPACTO INT,
CONSTRAINT PK_CDS_ARTISTA PRIMARY KEY ( ID_ARTISTA, ID_DISCO_COMPACTO ),
CONSTRAINT FK_ID_ARTISTA FOREIGN KEY (ID_ARTISTA) REFERENCES ARTISTAS,
CONSTRAINT FK_ID_DISCO_COMPACTO_02 FOREIGN KEY (ID_DISCO_COMPACTO)
REFERENCES DISCOS_COMPACTOS );

CREATE VIEW CDS_EN_EXISTENCIA AS
SELECT TITULO_CD, EN_EXISTENCIA
FROM DISCOS_COMPACTOS
WHERE EN_EXISTENCIA > 10 WITH CHECK OPTION;

CREATE VIEW EDITORES_CD ( TITULO_CD, EDITOR ) AS
SELECT DISCOS_COMPACTOS.TITULO_CD, DISQUERAS_CD.NOMBRE_COMPAÑIA
FROM DISCOS_COMPACTOS, DISQUERAS_CD
WHERE DISCOS_COMPACTOS.ID_DISQUERA = DISQUERAS_CD.ID_DISQUERA;
--Inserta datos en la tabla DISQUERAS_CD
INSERT INTO DISQUERAS_CD VALUES ( 827, 'Private Music' );
INSERT INTO DISQUERAS_CD VALUES ( 828, 'Reprise Records' );
INSERT INTO DISQUERAS_CD VALUES ( 829, 'Asylum Records' );
INSERT INTO DISQUERAS_CD VALUES ( 830, 'Windham Hill Records' );
INSERT INTO DISQUERAS_CD VALUES ( 831, 'Geffen' );
INSERT INTO DISQUERAS_CD VALUES ( 832, 'MCA Records' );
INSERT INTO DISQUERAS_CD VALUES ( 833, 'Decca Record Company' );
INSERT INTO DISQUERAS_CD VALUES ( 834, 'CBS Records' );
INSERT INTO DISQUERAS_CD VALUES ( 835, 'Capitol Records' );
INSERT INTO DISQUERAS_CD VALUES ( 836, 'Sarabande Records' );
--Fin de inserción de datos para la tabla DISQUERAS_CD
--Inserta datos en la tabla DISCOS_COMPACTOS
INSERT INTO DISCOS_COMPACTOS VALUES
( 101, 'Famous Blue Raincoat', 827, 13 );
INSERT INTO DISCOS_COMPACTOS VALUES
( 102, 'Blue', 828, 42 );
INSERT INTO DISCOS_COMPACTOS VALUES
( 103, 'Court and Spark', 829, 22 );
INSERT INTO DISCOS_COMPACTOS VALUES
( 104, 'Past Light', 830, 17 );
INSERT INTO DISCOS_COMPACTOS VALUES
( 105, 'Kojiki', 831, 6 );
INSERT INTO DISCOS_COMPACTOS VALUES
( 106, 'That Christmas Feeling', 832, 8 );
INSERT INTO DISCOS_COMPACTOS VALUES
( 107, 'Patsy Cline: 12 Greatest Hits', 832, 32 );
INSERT INTO DISCOS_COMPACTOS VALUES
( 108, 'Carreras Domingo Pavarotti in Concert', 833, 27 );
INSERT INTO DISCOS_COMPACTOS VALUES
( 109, 'After the Rain: The Soft Sounds of Erik Satie', 833, 21 );
INSERT INTO DISCOS_COMPACTOS VALUES
( 110, 'Out of Africa', 832, 29 );
INSERT INTO DISCOS_COMPACTOS VALUES
( 111, 'Leonard Cohen The Best Of', 834, 12 );
INSERT INTO DISCOS_COMPACTOS VALUES
( 112, 'Fundamental', 835, 34 );
INSERT INTO DISCOS_COMPACTOS VALUES
( 113, 'Bob Seger and the Silver Bullet Band Greatest Hits',
835, 16 );
INSERT INTO DISCOS_COMPACTOS VALUES
( 114, 'Blues on the Bayou', 832, 27 );
INSERT INTO DISCOS_COMPACTOS VALUES
( 115, 'Orlando', 836, 5 );
--Fin de inserción de datos para la tabla DISCOS_COMPACTOS
--Inserta datos en la tabla TIPOS_MUSICA
INSERT INTO TIPOS_MUSICA VALUES ( 11, 'Blues' );
INSERT INTO TIPOS_MUSICA VALUES ( 12, 'Jazz' );
INSERT INTO TIPOS_MUSICA VALUES ( 13, 'Pop' );
INSERT INTO TIPOS_MUSICA VALUES ( 14, 'Rock' );
INSERT INTO TIPOS_MUSICA VALUES ( 15, 'Classical' );
INSERT INTO TIPOS_MUSICA VALUES ( 16, 'New Age' );
INSERT INTO TIPOS_MUSICA VALUES ( 17, 'Country' );
INSERT INTO TIPOS_MUSICA VALUES ( 18, 'Folk' );
INSERT INTO TIPOS_MUSICA VALUES ( 19, 'International' );
INSERT INTO TIPOS_MUSICA VALUES ( 20, 'Soundtracks' );
INSERT INTO TIPOS_MUSICA VALUES ( 21, 'Christmas' );
--Fin de inserción de datos para la tabla TIPOS_MUSICA
--Inserta datos en la tabla TIPOS_DISCO_COMPACTO
INSERT INTO TIPOS_DISCO_COMPACTO VALUES ( 101, 18 );
INSERT INTO TIPOS_DISCO_COMPACTO VALUES ( 101, 13 );
INSERT INTO TIPOS_DISCO_COMPACTO VALUES ( 102, 11 );
INSERT INTO TIPOS_DISCO_COMPACTO VALUES ( 102, 18 );
INSERT INTO TIPOS_DISCO_COMPACTO VALUES ( 102, 13 );
INSERT INTO TIPOS_DISCO_COMPACTO VALUES ( 103, 18 );
INSERT INTO TIPOS_DISCO_COMPACTO VALUES ( 103, 13 );
INSERT INTO TIPOS_DISCO_COMPACTO VALUES ( 104, 16 );
INSERT INTO TIPOS_DISCO_COMPACTO VALUES ( 105, 16 );
INSERT INTO TIPOS_DISCO_COMPACTO VALUES ( 106, 21 );
INSERT INTO TIPOS_DISCO_COMPACTO VALUES ( 107, 13 );
INSERT INTO TIPOS_DISCO_COMPACTO VALUES ( 107, 17 );
INSERT INTO TIPOS_DISCO_COMPACTO VALUES ( 108, 13 );
INSERT INTO TIPOS_DISCO_COMPACTO VALUES ( 108, 15 );
INSERT INTO TIPOS_DISCO_COMPACTO VALUES ( 109, 15 );
INSERT INTO TIPOS_DISCO_COMPACTO VALUES ( 110, 20 );
INSERT INTO TIPOS_DISCO_COMPACTO VALUES ( 111, 13 );
INSERT INTO TIPOS_DISCO_COMPACTO VALUES ( 111, 18 );
INSERT INTO TIPOS_DISCO_COMPACTO VALUES ( 112, 11 );
INSERT INTO TIPOS_DISCO_COMPACTO VALUES ( 112, 13 );
INSERT INTO TIPOS_DISCO_COMPACTO VALUES ( 113, 13 );
INSERT INTO TIPOS_DISCO_COMPACTO VALUES ( 113, 14 );
INSERT INTO TIPOS_DISCO_COMPACTO VALUES ( 114, 11 );
INSERT INTO TIPOS_DISCO_COMPACTO VALUES ( 115, 20 );
--Fin de inserción de datos para la tabla TIPOS_DISCO_COMPACTO
--Inserta datos en la tabla ARTISTAS
INSERT INTO ARTISTAS VALUES
( 2001, 'Jennifer Warnes', 'Seattle, Washington, Estados Unidos' );
INSERT INTO ARTISTAS VALUES
( 2002, 'Joni Mitchell', 'Fort MacLeod, Alberta, Canadá' );
INSERT INTO ARTISTAS VALUES
( 2003, 'William Ackerman', 'Alemania' );
INSERT INTO ARTISTAS VALUES
( 2004, 'Kitaro', 'Toyohashi, Japón' );
INSERT INTO ARTISTAS VALUES
( 2005, 'Bing Crosby', 'Tacoma, Washington, Estados Unidos' );
INSERT INTO ARTISTAS VALUES
( 2006, 'Patsy Cline', 'Winchester, Virginia, Estados Unidos' );
INSERT INTO ARTISTAS VALUES
( 2007, 'Jose Carreras', 'Barcelona, España' );
INSERT INTO ARTISTAS VALUES
( 2008, 'Luciano Pavarotti', 'Modena, Italia' );
INSERT INTO ARTISTAS VALUES
( 2009, 'Placido Domingo', 'Madrid, España' );
INSERT INTO ARTISTAS VALUES
( 2010, 'Pascal Roge', 'Desconocido' );
INSERT INTO ARTISTAS VALUES
( 2011, 'John Barry', 'Desconocido' );
INSERT INTO ARTISTAS VALUES
( 2012, 'Leonard Cohen', 'Montreal, Quebec, Canadá' );
INSERT INTO ARTISTAS VALUES
( 2013, 'Bonnie Raitt', 'Burbank, California, Estados Unidos' );
INSERT INTO ARTISTAS VALUES
( 2014, 'Bob Seger', 'Dearborn, Michigan, Estados Unidos' );
INSERT INTO ARTISTAS VALUES
( 2015, 'Silver Bullet Band', 'No aplica' );
INSERT INTO ARTISTAS VALUES
( 2016, 'B.B. King', 'Indianola, Mississippi, Estados Unidos' );
INSERT INTO ARTISTAS VALUES
( 2017, 'David Motion', 'Desconocido' );
INSERT INTO ARTISTAS VALUES
( 2018, 'Sally Potter', 'Desconocido' );
--Fin de inserción de datos para la tabla ARTISTAS
--Inserta datos en la tabla CDS_ARTISTA
INSERT INTO CDS_ARTISTA VALUES ( 2001, 101 );
INSERT INTO CDS_ARTISTA VALUES ( 2002, 102 );
INSERT INTO CDS_ARTISTA VALUES ( 2002, 103 );
INSERT INTO CDS_ARTISTA VALUES ( 2003, 104 );
INSERT INTO CDS_ARTISTA VALUES ( 2004, 105 );
INSERT INTO CDS_ARTISTA VALUES ( 2005, 106 );
INSERT INTO CDS_ARTISTA VALUES ( 2006, 107 );
INSERT INTO CDS_ARTISTA VALUES ( 2007, 108 );
INSERT INTO CDS_ARTISTA VALUES ( 2008, 108 );
INSERT INTO CDS_ARTISTA VALUES ( 2009, 108 );
INSERT INTO CDS_ARTISTA VALUES ( 2010, 109 );
INSERT INTO CDS_ARTISTA VALUES ( 2011, 110 );
INSERT INTO CDS_ARTISTA VALUES ( 2012, 111 );
INSERT INTO CDS_ARTISTA VALUES ( 2013, 112 );
INSERT INTO CDS_ARTISTA VALUES ( 2014, 113 );
INSERT INTO CDS_ARTISTA VALUES ( 2015, 113 );
INSERT INTO CDS_ARTISTA VALUES ( 2016, 114 );
INSERT INTO CDS_ARTISTA VALUES ( 2017, 115 );
INSERT INTO CDS_ARTISTA VALUES ( 2018, 115 );
--Fin de inserción de datos para la tabla CDS_ARTISTA